{"cameraMode":{"drawMode":0,"name":"Shaded","section":"Shading Mode"},"sceneLighting":true,"audioPlay":false,"sceneViewState":{"showFog":false,"showMaterialUpdate":false,"showSkybox":false,"showFlares":false,"showImageEffects":false,"showParticleSystems":false},"in2DMode":false,"pivot":{"x":75.30372619628906,"y":-30.983522415161134,"z":14.668734550476075},"rotation":{"x":0.0797073170542717,"y":-0.36632663011550906,"z":0.031498003751039508,"w":0.926547646522522},"size":2.9913744926452638,"orthographic":false}