{"cameraMode":{"drawMode":0,"name":"Shaded","section":"Shading Mode"},"sceneLighting":false,"audioPlay":false,"sceneViewState":{"showFog":false,"showMaterialUpdate":false,"showSkybox":false,"showFlares":false,"showImageEffects":false,"showParticleSystems":false},"in2DMode":false,"pivot":{"x":90.37000274658203,"y":-32.14649963378906,"z":20.059999465942384},"rotation":{"x":-0.32745489478111269,"y":-0.26508867740631106,"z":0.09625735878944397,"w":-0.9017964005470276},"size":2.342968463897705,"orthographic":false}