{"cameraMode":{"drawMode":0,"name":"Shaded","section":"Shading Mode"},"sceneLighting":true,"audioPlay":false,"sceneViewState":{"showFog":false,"showMaterialUpdate":false,"showSkybox":false,"showFlares":false,"showImageEffects":false,"showParticleSystems":false},"in2DMode":false,"pivot":{"x":109.96417236328125,"y":-34.396427154541019,"z":17.33721160888672},"rotation":{"x":-0.34690675139427187,"y":-0.31900352239608767,"z":0.12678919732570649,"w":-0.872822105884552},"size":22.0,"orthographic":false}