{"cameraMode":{"drawMode":0,"name":"Shaded","section":"Shading Mode"},"sceneLighting":false,"audioPlay":false,"sceneViewState":{"showFog":false,"showMaterialUpdate":false,"showSkybox":false,"showFlares":false,"showImageEffects":false,"showParticleSystems":false},"in2DMode":false,"pivot":{"x":109.57701873779297,"y":-32.78828430175781,"z":18.616470336914064},"rotation":{"x":0.07459867745637894,"y":0.9225914478302002,"z":-0.22754396498203278,"w":0.3024650812149048},"size":6.855154991149902,"orthographic":false}