{"cameraMode":{"drawMode":0,"name":"Shaded","section":"Shading Mode"},"sceneLighting":true,"audioPlay":false,"sceneViewState":{"showFog":false,"showMaterialUpdate":false,"showSkybox":false,"showFlares":false,"showImageEffects":false,"showParticleSystems":false},"in2DMode":false,"pivot":{"x":85.72281646728516,"y":-38.526023864746097,"z":13.605002403259278},"rotation":{"x":-0.11445571482181549,"y":0.8837900161743164,"z":-0.2897520661354065,"w":-0.3491068184375763},"size":14.607339859008789,"orthographic":false}