{"cameraMode":{"drawMode":0,"name":"Shaded","section":"Shading Mode"},"sceneLighting":true,"audioPlay":false,"sceneViewState":{"showFog":false,"showMaterialUpdate":false,"showSkybox":false,"showFlares":false,"showImageEffects":false,"showParticleSystems":false},"in2DMode":false,"pivot":{"x":2.8225693702697756,"y":0.6562144756317139,"z":-2.2277917861938478},"rotation":{"x":-0.03726230189204216,"y":0.9627373814582825,"z":-0.18895967304706574,"w":-0.18984901905059815},"size":10.0,"orthographic":false}