{"cameraMode":{"drawMode":0,"name":"Shaded","section":"Shading Mode"},"sceneLighting":true,"audioPlay":false,"sceneViewState":{"showFog":false,"showMaterialUpdate":false,"showSkybox":false,"showFlares":false,"showImageEffects":false,"showParticleSystems":false},"in2DMode":false,"pivot":{"x":94.90765380859375,"y":-33.907413482666019,"z":18.449249267578126},"rotation":{"x":-0.32745489478111269,"y":-0.26508867740631106,"z":0.09625735878944397,"w":-0.9017964005470276},"size":18.237905502319337,"orthographic":false}