{"cameraMode":{"drawMode":0,"name":"Shaded","section":"Shading Mode"},"sceneLighting":true,"audioPlay":false,"sceneViewState":{"showFog":false,"showMaterialUpdate":false,"showSkybox":false,"showFlares":false,"showImageEffects":false,"showParticleSystems":false},"in2DMode":false,"pivot":{"x":92.8908462524414,"y":-34.829803466796878,"z":23.189746856689454},"rotation":{"x":-0.3928336203098297,"y":0.019858984276652337,"z":-0.008484999649226666,"w":-0.9193586707115173},"size":18.237905502319337,"orthographic":false}