{"cameraMode":{"drawMode":0,"name":"Shaded","section":"Shading Mode"},"sceneLighting":true,"audioPlay":false,"sceneViewState":{"showFog":false,"showMaterialUpdate":false,"showSkybox":false,"showFlares":false,"showImageEffects":false,"showParticleSystems":false},"in2DMode":false,"pivot":{"x":83.92691040039063,"y":-35.40776824951172,"z":33.024261474609378},"rotation":{"x":-0.08811607211828232,"y":-0.2748004198074341,"z":0.025320883840322496,"w":-0.9571418166160584},"size":22.0,"orthographic":false}