{"cameraMode":{"drawMode":0,"name":"Shaded","section":"Shading Mode"},"sceneLighting":true,"audioPlay":false,"sceneViewState":{"showFog":false,"showMaterialUpdate":false,"showSkybox":false,"showFlares":false,"showImageEffects":false,"showParticleSystems":false},"in2DMode":false,"pivot":{"x":92.19861602783203,"y":-35.46937561035156,"z":31.89767837524414},"rotation":{"x":-0.21987327933311463,"y":-0.07250497490167618,"z":0.016389397904276849,"w":-0.9726938605308533},"size":18.237905502319337,"orthographic":false}