{"cameraMode":{"drawMode":0,"name":"Shaded","section":"Shading Mode"},"sceneLighting":true,"audioPlay":false,"sceneViewState":{"showFog":false,"showMaterialUpdate":false,"showSkybox":false,"showFlares":false,"showImageEffects":false,"showParticleSystems":false},"in2DMode":false,"pivot":{"x":103.46479034423828,"y":-38.44454574584961,"z":14.01235580444336},"rotation":{"x":0.12628714740276338,"y":0.857565701007843,"z":-0.25153401494026186,"w":0.43055760860443118},"size":14.607339859008789,"orthographic":false}