{"cameraMode":{"drawMode":0,"name":"Shaded","section":"Shading Mode"},"sceneLighting":true,"audioPlay":false,"sceneViewState":{"showFog":false,"showMaterialUpdate":false,"showSkybox":false,"showFlares":false,"showImageEffects":false,"showParticleSystems":false},"in2DMode":false,"pivot":{"x":114.10350036621094,"y":-33.04777145385742,"z":36.51936721801758},"rotation":{"x":-0.06817075610160828,"y":-0.8880431056022644,"z":0.13995738327503205,"w":-0.4326370656490326},"size":5.168598175048828,"orthographic":false}