{"cameraMode":{"drawMode":0,"name":"Shaded","section":"Shading Mode"},"sceneLighting":true,"audioPlay":false,"sceneViewState":{"showFog":false,"showMaterialUpdate":false,"showSkybox":false,"showFlares":false,"showImageEffects":false,"showParticleSystems":false},"in2DMode":false,"pivot":{"x":94.41812896728516,"y":-36.74327850341797,"z":18.94066047668457},"rotation":{"x":0.1395469307899475,"y":-0.8479147553443909,"z":0.2737540602684021,"w":0.43207982182502749},"size":14.607342720031739,"orthographic":false}