{"cameraMode":{"drawMode":0,"name":"Shaded","section":"Shading Mode"},"sceneLighting":true,"audioPlay":false,"sceneViewState":{"showFog":false,"showMaterialUpdate":false,"showSkybox":false,"showFlares":false,"showImageEffects":false,"showParticleSystems":false},"in2DMode":false,"pivot":{"x":93.5757064819336,"y":-31.603761672973634,"z":24.284774780273439},"rotation":{"x":-0.10803347080945969,"y":0.856055498123169,"z":-0.19889263808727265,"w":-0.4647537171840668},"size":5.09137487411499,"orthographic":false}