{"cameraMode":{"drawMode":0,"name":"Shaded","section":"Shading Mode"},"sceneLighting":true,"audioPlay":false,"sceneViewState":{"showFog":false,"showMaterialUpdate":false,"showSkybox":false,"showFlares":false,"showImageEffects":false,"showParticleSystems":false},"in2DMode":false,"pivot":{"x":91.63847351074219,"y":-30.173704147338868,"z":21.959516525268556},"rotation":{"x":0.04212399572134018,"y":-0.9111955761909485,"z":0.09630805253982544,"w":0.39837729930877688},"size":5.168598175048828,"orthographic":false}