{"cameraMode":{"drawMode":0,"name":"Shaded","section":"Shading Mode"},"sceneLighting":false,"audioPlay":false,"sceneViewState":{"showFog":false,"showMaterialUpdate":false,"showSkybox":false,"showFlares":false,"showImageEffects":false,"showParticleSystems":false},"in2DMode":false,"pivot":{"x":90.3711166381836,"y":-32.597049713134769,"z":20.40582847595215},"rotation":{"x":0.0029884367249906065,"y":-0.9468756318092346,"z":0.32148507237434389,"w":0.008798720315098763},"size":2.342968463897705,"orthographic":false}