{"cameraMode":{"drawMode":0,"name":"Shaded","section":"Shading Mode"},"sceneLighting":true,"audioPlay":false,"sceneViewState":{"showFog":false,"showMaterialUpdate":false,"showSkybox":false,"showFlares":false,"showImageEffects":false,"showParticleSystems":false},"in2DMode":false,"pivot":{"x":110.29168701171875,"y":-33.1268424987793,"z":14.249308586120606},"rotation":{"x":-0.019458727911114694,"y":-0.9794746041297913,"z":0.1169244572520256,"w":-0.16312044858932496},"size":13.376018524169922,"orthographic":false}