{"cameraMode":{"drawMode":0,"name":"Shaded","section":"Shading Mode"},"sceneLighting":false,"audioPlay":false,"sceneViewState":{"showFog":false,"showMaterialUpdate":false,"showSkybox":false,"showFlares":false,"showImageEffects":false,"showParticleSystems":false},"in2DMode":false,"pivot":{"x":0.33002233505249026,"y":1.1311323642730713,"z":-3.4065513610839845},"rotation":{"x":-0.21594443917274476,"y":-0.5303033590316773,"z":0.14181628823280335,"w":-0.8074958920478821},"size":4.985622406005859,"orthographic":false}