{"cameraMode":{"drawMode":0,"name":"Shaded","section":"Shading Mode"},"sceneLighting":true,"audioPlay":false,"sceneViewState":{"showFog":false,"showMaterialUpdate":false,"showSkybox":false,"showFlares":false,"showImageEffects":false,"showParticleSystems":false},"in2DMode":false,"pivot":{"x":90.85211944580078,"y":-31.103565216064454,"z":21.269102096557618},"rotation":{"x":-0.1275624781847,"y":-0.8001475930213928,"z":0.18341544270515443,"w":-0.5566736459732056},"size":3.591374397277832,"orthographic":false}