{"cameraMode":{"drawMode":0,"name":"Shaded","section":"Shading Mode"},"sceneLighting":false,"audioPlay":false,"sceneViewState":{"showFog":false,"showMaterialUpdate":false,"showSkybox":false,"showFlares":false,"showImageEffects":false,"showParticleSystems":false},"in2DMode":false,"pivot":{"x":-3.25,"y":-11.959999084472657,"z":-3.4020004272460939},"rotation":{"x":0.015466826036572457,"y":-0.9807473421096802,"z":0.1742231398820877,"w":0.08699900656938553},"size":2.9913737773895265,"orthographic":false}