{"cameraMode":{"drawMode":0,"name":"Shaded","section":"Shading Mode"},"sceneLighting":true,"audioPlay":false,"sceneViewState":{"showFog":false,"showMaterialUpdate":false,"showSkybox":false,"showFlares":false,"showImageEffects":false,"showParticleSystems":false},"in2DMode":false,"pivot":{"x":91.43696594238281,"y":-32.278114318847659,"z":21.244827270507814},"rotation":{"x":0.06684375554323197,"y":0.711239755153656,"z":0.06826958060264588,"w":-0.6964407563209534},"size":3.5776638984680177,"orthographic":false}