{"cameraMode":{"drawMode":0,"name":"Shaded","section":"Shading Mode"},"sceneLighting":true,"audioPlay":false,"sceneViewState":{"showFog":false,"showMaterialUpdate":false,"showSkybox":false,"showFlares":false,"showImageEffects":false,"showParticleSystems":false},"in2DMode":false,"pivot":{"x":90.86419677734375,"y":-31.113256454467775,"z":21.316267013549806},"rotation":{"x":-0.12977829575538636,"y":-0.79567551612854,"z":0.18364731967449189,"w":-0.5624650120735169},"size":3.591374397277832,"orthographic":false}