{"cameraMode":{"drawMode":0,"name":"Shaded","section":"Shading Mode"},"sceneLighting":false,"audioPlay":false,"sceneViewState":{"showFog":false,"showMaterialUpdate":false,"showSkybox":false,"showFlares":false,"showImageEffects":false,"showParticleSystems":false},"in2DMode":false,"pivot":{"x":108.8499984741211,"y":-32.90446472167969,"z":19.268756866455079},"rotation":{"x":-0.18671418726444245,"y":-0.6751383543014526,"z":0.18272076547145844,"w":-0.6898938417434692},"size":2.5925233364105226,"orthographic":false}