{"cameraMode":{"drawMode":0,"name":"Shaded","section":"Shading Mode"},"sceneLighting":true,"audioPlay":false,"sceneViewState":{"showFog":false,"showMaterialUpdate":false,"showSkybox":false,"showFlares":false,"showImageEffects":false,"showParticleSystems":false},"in2DMode":false,"pivot":{"x":83.67765045166016,"y":-39.45725631713867,"z":14.587204933166504},"rotation":{"x":0.1172555536031723,"y":-0.8626868724822998,"z":0.2334621399641037,"w":0.4331095814704895},"size":14.607342720031739,"orthographic":false}