{"cameraMode":{"drawMode":0,"name":"Shaded","section":"Shading Mode"},"sceneLighting":true,"audioPlay":false,"sceneViewState":{"showFog":false,"showMaterialUpdate":false,"showSkybox":false,"showFlares":false,"showImageEffects":false,"showParticleSystems":false},"in2DMode":false,"pivot":{"x":91.90580749511719,"y":-31.995912551879884,"z":23.436351776123048},"rotation":{"x":-0.08628565073013306,"y":-0.8398687839508057,"z":0.14012490212917329,"w":-0.5172708034515381},"size":2.9913744926452638,"orthographic":false}