{"cameraMode":{"drawMode":0,"name":"Shaded","section":"Shading Mode"},"sceneLighting":true,"audioPlay":false,"sceneViewState":{"showFog":false,"showMaterialUpdate":false,"showSkybox":false,"showFlares":false,"showImageEffects":false,"showParticleSystems":false},"in2DMode":false,"pivot":{"x":74.6703109741211,"y":-22.497989654541017,"z":19.439861297607423},"rotation":{"x":-0.18876992166042329,"y":-0.5212897062301636,"z":0.11949416249990463,"w":-0.8236344456672669},"size":2.9913744926452638,"orthographic":false}