{"cameraMode":{"drawMode":0,"name":"Shaded","section":"Shading Mode"},"sceneLighting":true,"audioPlay":false,"sceneViewState":{"showFog":false,"showMaterialUpdate":false,"showSkybox":false,"showFlares":false,"showImageEffects":false,"showParticleSystems":false},"in2DMode":false,"pivot":{"x":96.2730484008789,"y":-25.296255111694337,"z":27.725322723388673},"rotation":{"x":0.06439612805843353,"y":-0.899429976940155,"z":0.4084840714931488,"w":0.14172010123729707},"size":5.09137487411499,"orthographic":false}