{"cameraMode":{"drawMode":0,"name":"Shaded","section":"Shading Mode"},"sceneLighting":true,"audioPlay":false,"sceneViewState":{"showFog":false,"showMaterialUpdate":false,"showSkybox":false,"showFlares":false,"showImageEffects":false,"showParticleSystems":false},"in2DMode":false,"pivot":{"x":105.86186981201172,"y":-34.473670959472659,"z":17.309059143066408},"rotation":{"x":0.057984840124845508,"y":-0.9201412796974182,"z":0.1492522954940796,"w":0.3573921024799347},"size":11.216611862182618,"orthographic":false}