{"cameraMode":{"drawMode":0,"name":"Shaded","section":"Shading Mode"},"sceneLighting":true,"audioPlay":false,"sceneViewState":{"showFog":false,"showMaterialUpdate":false,"showSkybox":false,"showFlares":false,"showImageEffects":false,"showParticleSystems":false},"in2DMode":false,"pivot":{"x":103.97581481933594,"y":-36.83668899536133,"z":13.531789779663086},"rotation":{"x":0.08175376057624817,"y":-0.9052308201789856,"z":0.20319324731826783,"w":0.3641608655452728},"size":11.216611862182618,"orthographic":false}