{"cameraMode":{"drawMode":0,"name":"Shaded","section":"Shading Mode"},"sceneLighting":false,"audioPlay":false,"sceneViewState":{"showFog":false,"showMaterialUpdate":false,"showSkybox":false,"showFlares":false,"showImageEffects":false,"showParticleSystems":false},"in2DMode":false,"pivot":{"x":108.77999877929688,"y":-32.67499923706055,"z":19.299999237060548},"rotation":{"x":0.06684375554323197,"y":0.711239755153656,"z":0.06826958060264588,"w":-0.6964407563209534},"size":3.0324559211730959,"orthographic":false}