{"cameraMode":{"drawMode":0,"name":"Shaded","section":"Shading Mode"},"sceneLighting":true,"audioPlay":false,"sceneViewState":{"showFog":false,"showMaterialUpdate":false,"showSkybox":false,"showFlares":false,"showImageEffects":false,"showParticleSystems":false},"in2DMode":false,"pivot":{"x":97.35089111328125,"y":-30.789661407470704,"z":24.353811264038087},"rotation":{"x":0.003462006337940693,"y":0.9819925427436829,"z":-0.18815617263317109,"w":0.018286846578121187},"size":5.09137487411499,"orthographic":false}