{"cameraMode":{"drawMode":0,"name":"Shaded","section":"Shading Mode"},"sceneLighting":true,"audioPlay":false,"sceneViewState":{"showFog":false,"showMaterialUpdate":false,"showSkybox":false,"showFlares":false,"showImageEffects":false,"showParticleSystems":false},"in2DMode":false,"pivot":{"x":97.58417510986328,"y":-32.79305648803711,"z":18.664106369018556},"rotation":{"x":0.06439612805843353,"y":-0.899429976940155,"z":0.4084840714931488,"w":0.14172010123729707},"size":14.607342720031739,"orthographic":false}