{"cameraMode":{"drawMode":0,"name":"Shaded","section":"Shading Mode"},"sceneLighting":true,"audioPlay":false,"sceneViewState":{"showFog":false,"showMaterialUpdate":false,"showSkybox":false,"showFlares":false,"showImageEffects":false,"showParticleSystems":false},"in2DMode":false,"pivot":{"x":81.40843200683594,"y":-26.468368530273439,"z":23.566572189331056},"rotation":{"x":-0.12462428957223892,"y":-0.7125439047813416,"z":0.13100427389144898,"w":-0.6779509782791138},"size":2.9913744926452638,"orthographic":false}