{"cameraMode":{"drawMode":0,"name":"Shaded","section":"Shading Mode"},"sceneLighting":true,"audioPlay":false,"sceneViewState":{"showFog":false,"showMaterialUpdate":false,"showSkybox":false,"showFlares":false,"showImageEffects":false,"showParticleSystems":false},"in2DMode":false,"pivot":{"x":110.0918960571289,"y":-33.39640808105469,"z":19.214153289794923},"rotation":{"x":0.015466826036572457,"y":-0.9807473421096802,"z":0.1742231398820877,"w":0.08699900656938553},"size":11.216611862182618,"orthographic":false}